room_name,start_date,end_date,organizer,notes
West Kalimantan,13/09/2024 08:37,12/09/2024 23:57,Paul Monroe,"pellentesque a, facilisis non, bibendum sed, est. Nunc laoreet"
AisÃ©n,17/12/2023 11:42,16/05/2024 22:01,Sasha Good,orci sem eget massa. Suspendisse eleifend. Cras sed leo.
Opolskie,12/08/2023 06:57,10/07/2023 22:17,Gemma Hawkins,"quis accumsan convallis, ante lectus convallis"
Sevastopol City,03/02/2025 14:45,12/05/2023 19:05,Mia Heath,Nunc sed orci lobortis augue scelerisque
Báº¯c Giang,20/07/2024 02:00,26/06/2023 22:04,Ferris Guerrero,Sed
Thanh HÃ³a,30/10/2024 09:32,13/06/2024 04:36,Rogan Estrada,mus. Aenean eget magna.
Luik,22/02/2025 23:50,13/03/2025 19:28,Graiden Solis,at
Agder,04/08/2023 06:18,03/04/2024 23:12,Abdul Burris,"laoreet posuere, enim nisl elementum purus, accumsan interdum"
Bremen,07/05/2024 12:04,23/12/2023 14:21,Oleg Rollins,"metus urna convallis erat, eget tincidunt dui augue"
Khyber Pakhtoonkhwa,29/12/2023 07:36,05/03/2025 17:28,Alfonso Gates,"ipsum sodales purus, in molestie tortor nibh sit"
West Sumatra,11/08/2024 17:52,23/10/2024 11:01,Dexter Hobbs,Mauris eu turpis. Nulla aliquet. Proin velit. Sed malesuada augue
Carinthia,27/02/2024 15:57,15/04/2025 23:45,Bell Parker,ut odio vel est tempor bibendum. Donec
Puntarenas,28/08/2024 13:20,20/07/2023 21:22,Graham Nichols,"augue ut lacus. Nulla tincidunt, neque vitae"
TarapacÃ¡,24/08/2024 16:38,15/08/2023 19:34,Kyla Cotton,"Sed diam lorem, auctor"
Leinster,28/02/2025 06:32,19/10/2024 00:45,Gwendolyn Farrell,"est mauris, rhoncus id, mollis nec, cursus a,"
Bremen,19/09/2024 23:06,25/10/2023 21:45,Ira Cooke,"Sed congue, elit sed consequat"
Eastern Cape,25/06/2023 00:58,19/08/2023 04:58,Lisandra Huffman,Vivamus euismod urna. Nullam lobortis quam a
Indiana,25/09/2024 21:32,11/10/2023 20:34,Lillian Blackburn,"id, ante. Nunc mauris"
Sikkim,30/04/2024 15:02,21/10/2024 06:57,Sybil Kelly,Sed eu eros. Nam consequat
Sindh,04/06/2023 08:04,28/01/2024 00:39,Irene Higgins,vel arcu eu odio tristique pharetra.
Northern Territory,28/07/2023 02:03,16/08/2023 03:57,Rafael Mcneil,"eleifend vitae, erat. Vivamus nisi. Mauris"
Opolskie,14/10/2024 20:06,07/06/2024 10:14,Penelope Petersen,nec ligula consectetuer rhoncus. Nullam
Piura,03/11/2023 05:40,31/03/2024 03:08,Kenneth Hopkins,"nec,"
Vienna,21/07/2024 09:18,13/12/2024 04:04,Melvin Walls,pede. Cras vulputate velit eu sem. Pellentesque
Berlin,12/04/2025 09:23,28/06/2024 11:47,Alexis Cantrell,"ullamcorper, velit in aliquet lobortis, nisi nibh"
VÃ¤stra GÃ¶talands lÃ¤n,02/10/2024 22:03,08/01/2024 05:48,Cain Key,metus facilisis lorem tristique aliquet. Phasellus fermentum
Toscana,11/03/2024 13:33,10/07/2024 21:34,Ralph Tate,dictum. Proin eget odio. Aliquam vulputate ullamcorper magna. Sed
Nunavut,14/12/2024 23:08,23/11/2024 03:27,Whilemina Contreras,purus ac tellus.
San Luis PotosÃ­,09/11/2024 19:59,06/12/2024 23:41,Summer Church,nunc interdum feugiat. Sed nec metus facilisis lorem
North Island,11/10/2023 06:43,12/08/2023 07:22,Gareth Peterson,"Nunc ut erat. Sed nunc est, mollis non,"
North Sulawesi,15/08/2023 10:10,25/02/2024 20:20,Winifred Delaney,"ac facilisis facilisis, magna tellus faucibus leo, in"
Meta,11/01/2025 01:19,06/11/2023 12:30,Garrison Chaney,"risus. Donec nibh enim, gravida"
West Region,17/12/2024 16:16,10/04/2025 17:26,Amela Park,"sollicitudin a, malesuada id, erat. Etiam vestibulum massa"
Punjab,02/04/2024 00:59,20/10/2023 13:36,Ethan Benjamin,sed turpis nec
Flevoland,13/03/2025 20:40,11/05/2023 16:15,Owen Michael,"nec, imperdiet nec, leo. Morbi neque"
Vienna,04/10/2024 12:01,07/11/2024 11:23,McKenzie Clay,tellus. Aenean egestas hendrerit neque. In ornare
Catalunya,03/11/2024 13:03,24/06/2023 20:25,Alan Wright,"Lorem ipsum dolor sit amet, consectetuer adipiscing elit."
Dorset,25/10/2024 20:44,02/01/2024 18:04,Zeph Acosta,"tincidunt, neque vitae semper"
Louisiana,09/02/2025 21:34,24/03/2024 23:34,Mallory French,"nisi sem semper erat, in"
Sumy oblast,16/10/2023 04:28,26/04/2024 00:52,Mufutau Quinn,"mi. Duis risus odio, auctor vitae,"
Centre,15/11/2024 12:38,09/06/2024 20:41,Kato Mccall,et netus et malesuada fames ac turpis
Vichada,19/10/2023 20:20,05/03/2025 20:58,Kirestin Dominguez,magna a neque. Nullam ut
Kherson oblast,03/07/2024 11:57,08/09/2023 03:59,Nasim Finch,et ipsum cursus vestibulum. Mauris
East Region,15/04/2025 13:50,12/01/2025 14:04,Berk Goodman,sociis natoque penatibus et magnis
Schleswig-Holstein,17/11/2023 22:21,21/05/2023 11:53,Warren Lane,amet ultricies sem magna nec quam. Curabitur vel lectus.
YÃªn BÃ¡i,04/06/2023 04:13,13/11/2023 06:29,Channing Sosa,urna. Ut tincidunt vehicula risus. Nulla
Vermont,13/06/2023 13:43,05/06/2023 18:44,September Mcconnell,"vel, convallis"
VÃ¤stra GÃ¶talands lÃ¤n,02/10/2023 08:48,13/09/2024 17:17,Celeste Webster,pede. Nunc sed
BalÄ±kesir,18/09/2024 20:00,31/01/2025 09:37,Tasha Johns,Sed eget lacus. Mauris non dui
DiyarbakÄ±r,23/09/2023 04:33,29/07/2023 10:36,Lucius Hebert,"amet luctus vulputate, nisi sem semper erat, in"
Lima,03/04/2025 10:50,19/12/2023 08:42,Price Holmes,"lacinia. Sed congue,"
Carinthia,16/05/2024 21:56,01/11/2023 10:50,Callie Burks,"ante. Maecenas mi felis, adipiscing fringilla, porttitor vulputate,"
Louisiana,05/06/2024 13:36,25/06/2023 17:38,Jada Guzman,"amet,"
Berlin,08/08/2024 20:23,03/02/2025 05:14,Cherokee Finley,"at auctor ullamcorper, nisl arcu iaculis enim, sit amet"
Gorontalo,26/08/2023 10:30,19/08/2024 07:56,Plato Burks,eget metus eu erat semper rutrum. Fusce dolor
HuÃ¡bÄ›i,17/01/2025 01:38,10/10/2023 07:43,Simone Parks,odio. Nam interdum enim
Liguria,04/08/2024 04:50,11/07/2024 16:34,Yoshio Melendez,"egestas a, dui. Cras pellentesque. Sed dictum."
Smolensk Oblast,21/04/2024 23:33,11/04/2024 11:58,Isaac Hinton,odio. Aliquam vulputate ullamcorper magna. Sed eu eros. Nam
Lower Austria,14/10/2024 18:51,24/01/2025 11:31,Asher Patterson,"magna. Nam ligula elit, pretium et, rutrum non, hendrerit id,"
South Island,07/11/2024 02:46,27/09/2023 13:35,Peter Booth,ante lectus convallis
Tver Oblast,31/01/2024 03:39,29/10/2024 12:47,Guinevere Wilcox,eu augue porttitor interdum. Sed auctor odio a purus. Duis
Leinster,23/09/2024 21:03,10/09/2023 18:05,Thane Holt,"ad litora torquent per conubia nostra, per inceptos"
Guanacaste,09/04/2025 07:50,21/01/2024 14:16,Kyle Mays,massa. Quisque porttitor eros
New Brunswick,25/12/2024 20:44,30/01/2025 06:43,Wing Mitchell,risus. Donec egestas. Aliquam nec enim. Nunc ut erat.
Drenthe,04/01/2024 08:34,18/04/2025 14:45,Kibo Larson,"a, aliquet vel, vulputate eu, odio. Phasellus at augue id"
Bremen,14/10/2023 16:21,26/11/2024 05:35,Megan Pratt,"luctus, ipsum leo elementum sem, vitae aliquam"
Bremen,30/07/2023 17:28,20/12/2024 19:47,Stacey Cohen,"non massa non ante bibendum ullamcorper. Duis cursus, diam"
Bremen,17/05/2024 11:52,16/09/2023 13:28,Stacy Douglas,"lorem ipsum sodales purus, in molestie tortor"
Bremen,29/06/2023 12:40,05/10/2023 00:10,Neville Mejia,"pretium et,"
LimÃ³n,14/03/2025 18:19,28/10/2023 08:07,Gil Nunez,"ornare placerat, orci lacus vestibulum lorem, sit amet"
Central Region,14/12/2024 19:11,16/06/2024 08:38,Kelly Mcmahon,"sapien, gravida"
Stockholms lÃ¤n,30/11/2023 19:26,04/05/2023 10:57,Barclay Valencia,eros. Nam consequat dolor
Odessa oblast,30/06/2024 05:40,17/05/2024 06:03,Emerson Gonzales,"sapien. Aenean massa. Integer vitae nibh. Donec est mauris,"
Madhya Pradesh,18/12/2024 10:57,16/04/2024 05:19,Kenneth Conley,"torquent per conubia nostra, per inceptos hymenaeos. Mauris ut quam"
Gauteng,08/03/2025 18:56,03/06/2024 04:05,Angela Ewing,lacus. Mauris non dui nec urna
North Island,21/06/2023 19:20,12/10/2024 11:28,Blossom Drake,"risus odio, auctor vitae, aliquet nec, imperdiet nec, leo. Morbi"
Ulster,11/11/2024 05:17,26/09/2024 07:04,Burke Schroeder,nec urna
North Island,29/02/2024 22:48,05/11/2023 06:32,Maggy Stark,"euismod et, commodo at, libero."
La Guajira,31/08/2023 18:24,27/03/2025 20:52,Quentin Weeks,"eu,"
Central Region,10/07/2024 10:40,20/03/2025 12:06,Abra Beasley,"elit, dictum eu, eleifend nec,"
Guanajuato,14/01/2024 02:28,15/09/2023 19:24,Forrest Cross,"egestas a, dui. Cras pellentesque. Sed dictum. Proin eget"
Queensland,28/07/2024 18:03,18/11/2023 09:25,Simon Mcclure,litora torquent per conubia
Soccsksargen,29/05/2024 21:47,21/10/2023 18:30,George Bryan,Sed nec metus facilisis
Renfrewshire,17/07/2023 20:11,25/05/2023 08:52,Hanae Moody,scelerisque neque sed sem
Jambi,29/03/2025 09:44,06/09/2023 16:17,Wing Palmer,"vitae, aliquet nec, imperdiet nec, leo. Morbi neque"
Friesland,02/11/2024 08:20,19/09/2024 23:04,Haviva Parsons,amet lorem semper auctor. Mauris
Jambi,13/09/2023 23:15,08/08/2023 19:18,Noah Moreno,tempor augue
West Bengal,28/04/2024 16:34,27/12/2024 13:18,Hedda Hines,ac ipsum. Phasellus
West Bengal,25/10/2023 04:47,22/10/2024 11:27,Ingrid Kinney,dis
Northern Cape,10/01/2025 10:49,04/11/2023 00:32,Ocean Steele,consectetuer
Piemonte,24/08/2024 06:49,23/04/2024 05:36,Garrett Vance,Pellentesque ut
Alajuela,20/01/2025 01:14,01/07/2024 05:46,Dante Aguirre,Morbi sit amet massa. Quisque porttitor eros
Mecklenburg-Vorpommern,24/04/2024 21:27,24/09/2024 18:15,Vaughan Johnson,in lobortis tellus justo sit amet
Zuid Holland,21/08/2024 16:17,15/03/2025 07:10,Lael Shepherd,"montes, nascetur ridiculus mus. Proin vel arcu eu"
Mizoram,10/02/2025 06:10,03/05/2024 08:25,Edan Ingram,a tortor. Nunc commodo auctor velit. Aliquam nisl. Nulla
Imo,13/01/2025 15:42,12/12/2023 22:05,Gannon Stark,turpis egestas. Fusce
Mpumalanga,28/04/2024 13:52,15/08/2024 07:45,Katelyn Silva,pede. Praesent eu dui. Cum
North Island,25/10/2023 20:11,10/12/2023 01:40,Ava Compton,sollicitudin adipiscing ligula. Aenean gravida nunc
North Island,13/12/2023 07:10,20/07/2024 11:44,Signe Moses,velit. Aliquam nisl.
Bremen,12/08/2023 10:48,23/12/2023 01:01,Ruth Wise,"mi. Aliquam gravida mauris ut mi. Duis risus odio,"
